TCAR_CODE,CODE,DESCRIPTION_ABREGEE_FRANCAISE,DESCRIPTION_FRANCAISE,DESCRIPTION_ABREGEE_ANGLAISE,DESCRIPTION_ANGLAISE
"BATI","ECUR","ECURIE","Écurie","STABLE","Stable"
"BATI","LAIT","LAITERIE","Laiterie","DAIRY","Dairy"
"ARMO","POLY","POLYESTER","Polyester","POLYESTER","Polyester"
"PROX","GCPE","CPE","Garderie/CPE","DAYCARE","Daycare centre"
"EXPL","PEPI","PEPINIERE","Pépinière","NURSERY (TREE)","Nursery (tree)"
"PARE","SPIE","SIMILI PIERRE","Simili-Pierre","ROCKIMMITATION","Rock immitation"
"PARE","STUC","STUC","Stuc","STUCCO","Stucco"
"PARE","VINY","VINYLE","Vinyle","VINYL","Vinyl"
"PART","ACGA","ACCES ARTERES","Accès aux grandes artères","ACCESS ARTERIES","Access to major arteries"
"PART","AEAU","ACCÈS À L'EAU","Accès à l'eau","WATER ACCESS","Water access"
"PART","AFLV","ACCÈS AU FLEUVE","Accès au fleuve","RIVER ACCESS","River access"
"PART","ALAC","ACCÈS AU LAC","Accès au lac","LAKE ACCESS","Lake access"
"PART","ARIV","ACCÈS RIVIÈRE","Accès à la rivière","RIVER ACCESS","River access"
"PART","ARPR","ARTERES PRINC.","Artères principales","MAIN ARTERIES","Main arteries"
"PART","ARSE","ARTERES SECOND.","Artères secondaires","SECOND ARTERIES","Secondary arteries"
"PART","AU","AUTRE","Autre","OTHER","Other"
"PART","AVOI","AUCN VOIS. ARR","Aucun voisin à l'arrière","NOBACKNEIGHBOUR","No neighbours in the back"
"PART","BACH","GARCONNIERE","Garçonnière","BACHELOR","Bachelor"
"PART","BOID","TER. BOIS DUR","Terrain boisé dur","HARDWOODLOT","Hard wooded lot"
"PART","BOIM","TER. BOIS MOU","Terrain boisé mou","SOFTWOODLOT","Soft wooded lot"
"PART","BOIS","BOISÉ","Boisé","WOODED","Wooded"
"PART","CEAU","TER.COURS D'EAU","Terrain avec cours d'eau","LOTWITHSTREAM","Lot with a stream"
"PART","CHLO","CHAUF. LOCAT.","Chauffage payé par le locataire","HEATING TENANT","Heating paid by tenant"
"PART","CHPR","CHAUF. PROPRIO","Chauffage payé par le propriétaire","HEATING OWNER","Heating paid by owner"
"PART","COIN","COIN RUE","Coin de rue","STREET CORNER","Street corner"
"PART","COTE","JUMELÉ","Style jumelé (côte à côte)","SIDE","Side by side"
"PART","CUL1","CULT. ACT. 1","Culture actuelle 1","CULTURE 1","Culture 1"
"PART","CUL2","CULT. ACT. 2","Culture actuelle 2","CULTURE 2","Culture 2"
"PART","CUL3","CULT. ACT. 3","Culture actuelle 3","CULTURE 3","Culture 3"
"PART","CUL4","CULT. ACT. 4","Culture actuelle 4","CULTURE 4","Culture 4"
"PART","CUL5","CULT. ACT. 5","Culture actuelle 5","CULTURE 5","Culture 5"
"PART","CULA","CULTURE (ARGL.)","Culture (Sol argileux)","CULTURECLAY","Culture (clayey soil)"
"PART","CULS","CUL-DE-SAC","Cul-de-sac","CUL-DE-SAC","Cul-de-sac"
"PART","CULX","CULTURE (SABL.)","Culture (Sol sablonneux)","CULTURESAND","Culture (sandy soil)"
"PART","DCOM","DANS CENTRE COM","Dans un centre commercial","IN A SHOPP. CEN","In a shopping center"
"PART","DCON","DELAI CONST.","Délai de construction","CONST. DELAYS","Construction delays"
"PART","DRAI","TER. DRAINÉ","Terrain drainé","DRAINEDLOT","Drained lot"
"PART","EAU","BORDE EAU","Bordé à l'eau","WATER FRONT","Water front"
"PART","ENCL","ENCLAVÉ","Enclavé","HEMMED IN","Hemmed in"
"PART","ETNG","TER. ETANG","Terrain avec étang","LOTWITHPOND","Lot with pond"
"PART","EV1","ETUDE ENV. 1","Étude environnementale phase 1","ENVIRON. STUDY1","Environmental study phase 1"
"PART","EV2","ETUDE ENV. 2","Étude environnementale phase 2","ENVIRON. STUDY2","Environmental study phase 2"
"PART","FAAC","FACILE D'ACCES","Facile d'accès","ACCESSIBLE","Accessible"
"PART","INTG","INTERGENERATION","Intergénération","INTERGENERATION","Intergeneration"
"PART","LAC","TER. LAC","Terrain avec lac","LAND_LAKE","Lot with lake"
"PART","LOUE","TERRAIN LOUÉ","Terrain loué","RENTED LAND","Rented land"
"PART","MIXT","TER. BOIS MIXTE","Terrain boisé mixte","LAND_MIXED","Lot with mixed wood"
"ABRI","AU","AUTRE","Autre","OTHER","Other"
"ABRI","DET","DÉTACHÉ","Détaché","DETACHED","Detached"
"ABRI","DOUB","DOUBLE OU PLUS","Double largeur ou plus","DOUBLE OR MORE","Double width or more"
"ALLE","AU","AUTRE","Autre","OTHER","Other"
"ALLE","DOUB","DOUBLE OU PLUS","Double largeur ou plus","DOUBLE OR MORE","Double width or more"
"ALLE","NIL","AUCUNE","Aucune","NONE","None"
"ALLE","NPAV","NON PAVEE","Non Pavée","NOTPAVED","Not Paved"
"ALLE","ASPH","ASPHALTE","Asphalte","ASPHALT","Asphalt"
"ALLE","BETO","BETON","Béton","CONCRETE","Concrete"
"ALLE","UNI","PAVÉ UNI","Pavé uni","PAVING STONE","Plain paving stone"
"AMEN","AU","AUTRE","Autre","OTHER","Other"
"AMEN","CLOT","CLÔTURÉ","Clôturé","FENCED","Fenced"
"AMEN","HAIE","HAIES","Terrain/cour bordé de haies","HEDGES","Land / Yard lined with hedges"
"AMEN","NPAY","NON PAYSAGER","Non paysager","NOT LANDSCAPED","Not landscaped"
"AMEN","PATI","PATIO","Patio","PATIO","Patio"
"AMEN","PAY","PAYSAGER","Paysager","LANDSCAPE","Landscape"
"AMEN","PPAY","PART. PAYSAGER","Partiellement paysager","PART. LANDSCAP.","Partially landscaped"
"AMEN","TERR","TERRASSE","Terrasse","TERRACE","Terrace"
"ANIM","AGNE","AGNEAU","agneau","LAMB","Lamb"
"ANIM","AU","AUTRE","Autre","OTHER","Other"
"ANIM","AUTR","AUTRUCHE","autruche","AUSTRICH","Austrich"
"ANIM","BISO","BISON","bison","BISON","Bison"
"ANIM","BOEU","BOEUF","boeuf","BEEF","Beef"
"ANIM","CAIL","CAILLE","caille","QUAIL","Quail"
"ANIM","CHEV","CHÈVRE","chèvre","GOAT","Goat"
"ANIM","FAIS","FAISAN","faisan","PHEASANT","Pheasant"
"ANIM","MOUT","MOUTON","mouton","SHEEP","Sheep"
"ANIM","PORC","PORC","porc","PIG","Pig"
"ANIM","POUL","POULET","poulet","CHICKEN","Chicken"
"ANIM","VACH","VACHE","vache","COW","Cow"
"ANIM","VEAU","VEAU","veau","VEAL","Veal"
"ARMO","AU","AUTRE","Autre","OTHER","Other"
"ARMO","BOIS","BOIS","Bois","WOOD","Wood"
"ARMO","MELM","MÉLAMINE","Mélamine","MELAMINE","Melamine"
"ARMO","STRA","STRATIFIÉ","Stratifié","LAMINATED","Laminated"
"ARMO","THER","THERMO","Thermoplastique","THERMO","Thermoplastic"
"BASS","AU","AUTRE","Autre","OTHER","Other"
"BASS","DALL","DALLE BÉTON","Dalle de béton au sol","CONCRETE SLAB","Concrete slab on the ground"
"BASS","TBAT","TERRE BATUE","Terre battue","COMPACT. EARTH","Compacted earth"
"BATI","AU","AUTRE","Autre","OTHER","Other"
"BATI","CABS","CABANE A SUCRE","Cabane à sucre","SUGAR SHACK","Sugar shack"
"BATI","ETAB","ÉTABLE","Étable","CATTLE SHED","Cattle shed"
"BATI","GARA","GARAGE","Garage","GARAGE","Garage"
"BATI","GRNG","GRANGE","Grange","BARN","Barn"
"BATI","HANG","HANGAR","Hangar","HANGAR","Hangar"
"BATI","KVEN","KIOSQUE VENTE","Kiosque de vente","SALE KIOSK","Kiosk of sale"
"BATI","PORC","PORCHERIE","Porcherie","PIGSTY","Pigsty"
"BATI","POUL","POULAILLER","Poulailler","HANHOUSE","Hanhouse"
"BATI","REMI","REMISE","Remise (Machinerie)","SHED","Shed"
"CEAU","40","40 GAL.","40 gallons","40 GAL.","40 Gallon"
"CEAU","60","60 GAL.","60 gallons","60 GAL.","60 Gallon"
"CEAU","AU","AUTRE","Autre","OTHER","Other"
"CHAU","AIRS","AIR SOUFFLÉ","Air soufflé","AIR CIRCULATION","Air circulation"
"CHAU","AU","AUTRE","Autre","OTHER","Other"
"CHAU","AUCN","AUCUN","Aucun","NONE","None"
"CHAU","EAUC","EAU CHAUDE","Eau chaude","HOT WATER","Hot water"
"CHAU","PCHA","PLINT. CHAUF.","Plinthes chauffantes","BASEB. HEATERS","Baseboard heaters"
"CHAU","PCON","PLINT. CONVECT.","Plinthes à convection","SP. HEAT. BASEB","Space heating baseboards"
"CHAU","PELC","PLINT. ÉLEC.","Plinthes électriques","ELEC. BASEB.","Electric baseboard units"
"CHAU","RADI","RADIANT","Radiant","RADIANT","Radiant"
"CHAU","THER","THERMOPOMPE","Thermopompe","HEAT PUMP","Heat pump"
"CHAU","VAP","RAD. VAPEUR","Radiateur vapeur","STEAM RADIATOR","Steem radiator"
"EAU","AMU","MUNICIPALITÉ","Municipalité","MUNICIPALITY","Municipality"
"EAU","AU","AUTRE","Autre","OTHER","Other"
"EAU","AUCN","AUCUN","Aucun","NONE","None"
"EAU","CIT","CITER.","Citerne","TANK","Tank"
"EAU","COMP","AVEC COMPTEUR","Avec compteur d'eau","WATER METER","With water meter"
"EAU","COOP","COOPÉRATIVE","Coopérative","COOPERATIVE","Cooperative"
"EAU","ELAC","EAU DU LAC","Eau du lac","LAKE WATER","Lake water"
"EAU","INCO","INCONNU","Inconnu","UNKNOWN","Unknown"
"EAU","PA","PUITS ART.","Puits artésien","ARTESIAN WELL","Artesian well"
"EAU","PRIV","PRIVÉ","Privé","PRIVATE","Private"
"EAU","PS","PUITS SURF.","Puits de surface","G-LEVEL WELL","Ground-level well"
"ENER","AU","AUTRE","Autre","OTHER","Other"
"ENER","BIEN","BI-ENERGIE","Bi-énergie","BI-ENERGY","Bi-energy"
"ENER","BOIS","BOIS","Bois","WOOD","Wood"
"ENER","ELEC","ELECTRICITÉ","Électricité","ELECTRICITY","Electricity"
"ENER","GAZN","GAZ NATUREL","Gaz naturel","NATURAL GAS","Natural gas"
"ENER","HUMZ","MAZOUT","Mazout","HEATING OIL","Heating oil"
"ENER","PROP","PROPANE","Propane","PROPANE","Propane"
"ENER","SOLA","SOLAIRE","Énergie solaire","SOLAR","Solar energy"
"EQUI","AEAU","ADOUC. EAU","Adoucisseur d'eau","WATERSOFT","Water softener"
"EQUI","ASP","ASP. CENTRAL","Installation aspirateur central","CENT. VACCUM","Central vacuum cleaner system installation"
"EQUI","AU","AUTRE","Autre","OTHER","Other"
"EQUI","CAFT","CAFETERIA","Cafeteria","CAFETERIA","Cafeteria"
"EQUI","CLIM","CLIMATISEUR","Climatiseur","AIR CONDITION.","Air conditioning"
"EQUI","CLMC","CLIM. CENTRAL","Climatiseur central","CENTRAL AC","Central air conditioning"
"EQUI","CLMM","CLIM. MURAL","Climatiseur mural","WALL AC","Wall-mounted air conditioning"
"EQUI","CONG","CONGELATEUR","Congélateur","FREEZER","Freezer"
"EQUI","CUI","CUISINE","Cuisine","KITCHEN","Kitchen"
"EQUI","DAJS","DEBAR. AJUST.","Débarcadère ajustable","ADJUST. DOCK","Adjustable dock"
"EQUI","DEPN","DEPANNEUR","Dépanneur","CONVENIENCE","Convenience store"
"EQUI","DEXT","DEBAR EXT.","Débarcadère extérieur","OUTSIDE DOCK","Outside dock"
"EQUI","DINT","DEBAR INT.","Débarcadère intérieur","INSIDE DOCK","Inside dock"
"EQUI","DNIV","DEBAR NIV.","Débarcadère à niveau","ON LEVEL DEBAR","On level dock"
"EQUI","EAIR","ECHANGEUR AIR","Échangeur d'air","VENTILATION SYS","Ventilation system"
"EQUI","ENS","ENSEIGNE","Enseigne","SIGN","Sign"
"EQUI","GRCD","G-ROBE CÈDRE","Garde-robe de cèdre","CEDAR CLOSET","Cedar closet"
"EQUI","INTP","INTERPHONE","Interphone","ENTRYPHONE","Entry phone"
"EQUI","MCHR","MONTE CHARGE","Monte charge","ELEVATOR","Elevator"
"EQUI","PELE","PORTE GAR ELEC","Porte de garage électrique","ELEC GAR DOOR","Electric garage door"
"EQUI","PNTR","PONT ROULANT","Pont roulant","OVERCRANE","Overhead traveling crane"
"EQUI","POR1","PORTE DEBAR 1","Porte de débarcadère 1","DOCK DOOR 1","Dock door 1"
"EQUI","POR2","PORTE DEBAR 2","Porte de débarcadère 2","DOCK DOOR 2","Dock door 2"
"EQUI","POR3","PORTE DEBAR 3","Porte de débarcadère 3","DOCK DOOR 3","Dock door 3"
"EQUI","POR4","PORTE DEBAR 4","Porte de débarcadère 4","DOCK DOOR 4","Dock door 4"
"EQUI","POR5","PORTE DEBAR 5","Porte de débarcadère 5","DOCK DOOR 5","Dock door 5"
"EQUI","REFR","REFRIGERATION","Réfrigération","REFRIGERATORS","Refrigerators"
"EQUI","REMS","REMISE","Remise","SHED","Shed"
"EQUI","SAUN","SAUNA","Sauna","SAUNA","Sauna"
"EQUI","SDB","SALLE BAIN","Salle de bains","WASHROOM","Washroom"
"EQUI","STER","CHAINE STEREO","Chaîne stéréo intégrée","INTG. AUDIO SYS","Integrated audio system"
"EQUI","SYAL","SYST. ALARME","Système d'alarme","ALARM SYST.","Alarm system"
"EQUI","THEC","THERMOP. CENTR.","Thermopompe centrale","CENT. HEAT PUMP","Central heat pump"
"EQUI","THEM","THERMOP. MURALE","Thermopompe murale","W.-M. HEAT PUMP","Wall-mounted heat pump"
"EXPL","AU","AUTRE","Autre","OTHER","Other"
"EXPL","AUTR","AUTRUCHES","Autruches","AUSTRICH","Austrich"
"EXPL","AVIC","AVICOLE","Avicole","POULTRY","Poultry"
"EXPL","BOVI","BOVIN","Bovin","BOVINE","Bovine"
"EXPL","CERE","CEREALIERE","Céréalière","GRAIN","Grain"
"EXPL","CULT","CULTURE","Culture","CROP","Crop"
"EXPL","EEXP","EXPLOITÉ","En exploitation","EXPLOITED","Exploited"
"EXPL","ERAB","ERABLIERE","Érablière","MAPLE","Maple forest"
"EXPL","FMIX","FERMAGE MIXTE","Fermage mixte","MIXED FARMING","Mixed farming"
"EXPL","FORE","FORESTIERE","Forestière","FORESTRY","Forestry"
"EXPL","GEN","GENERAL","Général","GENERAL","General"
"EXPL","HORT","HORT.","Horticulture","HORT.","Horticulture"
"EXPL","LAIT","LAIT","Laitière","MILK","Milk"
"EXPL","LOTB","LOTS A BOIS","Lots à bois","WOODED LOT","Wooded lot"
"EXPL","LOTC","LOTS A CONST.","Lots à construire","BUILDING LOT","Building lot"
"EXPL","MARA","MARAI.","Maraîchère","MARKETGARD","Market gardening"
"EXPL","NEXP","NON EXPLOITÉ","Non exploité","NOT EXPLOITED","Not exploited"
"EXPL","PANI","PETITS ANIM.","Petits animaux","SMALLANIMALS","Small Animals"
"EXPL","PORC","ELEVAGE PORC","Élevage de porc","PIG BREEDING","Pig breeding"
"EXPL","TERR","TERRAINS","Terrains","LAND","Land"
"EXPL","VERG","VERGER","Verger","ORCHARD","Orchard"
"EXPL","VIGN","VIGNOBLE","Vignoble","VINEYARD","Vineyard"
"FACC","AIAU","AI AUTRE","Accès intérieur autre","IA OTHER","Interior access other"
"FACC","AIHL","HAUTEUR LIBRE","Accès intérieur hauteur libre","CLEARANCE","Interior access clearance"
"FACC","ASCE","ASCENSEUR","Ascenseur","ELEVATOR","Elevator"
"FACC","ESCA","ESCALIERS","Escaliers","STAIRCASES","Staircases"
"FACC","EXCA","ESCALATEURS","Escalateurs","ESCALATORS","Escalators"
"FACC","HAND","MOB. REDUITE","Adapté pour personne à mobilité réduite","MOBILITY IMP.","Mobility impaired accessible"
"FENE","ALUM","ALUMINIUM","Aluminium","ALUMINUM","Aluminum"
"FENE","AU","AUTRE","Autre","OTHER","Other"
"FENE","BOIS","BOIS","Bois","WOOD","Wood"
"FENE","PVC","PVC","PVC","PVC","PVC"
"FOND","AU","AUTRE","Autre","OTHER","Other"
"FOND","BETO","BÉTON COULÉ","Béton coulé","POURED CONCRETE","Poured concrete"
"FOND","BLBE","BLOC DE BÉTON","Bloc de béton","CONCRETE BLOCK","Concrete block"
"FOND","BOIS","BOIS","Bois","WOOD","Wood"
"FOND","PIER","PIERRE","Pierre","STONE","Stone"
"FOND","PILO","PILOTIS","Pilotis","PILES","Piles"
"FOPO","ANNX","POÊLE ANNEXE","Poêle - annexe","STOVE-ANNEX","Stove-annex"
"FOPO","AU","AUTRE","Autre","OTHER","Other"
"FOPO","BOIS","FOYER BOIS","Foyer au bois","WOOD FIREPLACE","Wood fireplace"
"FOPO","COMB","POÊLE COMBUST.","Poêle à combustion lente","SLOW-BURN.STOVE","Slow-burning stove"
"FOPO","FGRA","FOYER GRANULES","Foyer aux granules","PELLET FIREPL.","Pellet fireplace"
"FOPO","GAZ","FOYER GAZ","Foyer au gaz","GAZ FIREPLACE","Gaz fireplace"
"FOPO","GRAN","POÊLE GRANULES","Poêle à granules","GRANULE STOVE","Granule stove"
"FOPO","MAZO","FOYER MAZOUT","Foyer au mazout","OIL FIREPLACE","Oil fireplace"
"FOPO","PAB","POÊLE BOIS","Poêle à bois","WOOD BURN.STOVE","Wood burning stove"
"FOPO","PGAZ","POELE GAZ","Poêle au gaz","GAS STOVE","Gas stove"
"FOPO","PMAZ","POELE MAZOUT","Poêle au mazout","OIL STOVE","Oil stove"
"GARA","ATT","ATTACHÉ","Attaché","ATTACHED","Attached"
"GARA","AU","AUTRE","Autre","OTHER","Other"
"GARA","CHAU","CHAUFFÉ","Chauffé","HEATED","Heated"
"GARA","DET","DÉTACHÉ","Détaché","DETACHED","Detached"
"GARA","DOUB","DOUBLE OU PLUS","Double largeur ou plus","DOUBLE OR MORE","Double width or more"
"GARA","INTG","INTÉGRÉ","Intégré","FITTED","Fitted"
"GARA","SIMP","SIMPLE","Simple largeur","SINGLE","Single width"
"GARA","TAND","TANDEM","Tandem","TANDEM","Tandem"
"GCOM","AGRI","AGRICOLES","Équipements agricoles","AGRICUL. EQUIP.","Agricultural equipment"
"GCOM","AMEU","AMEUBLEMENT","Ameublement","FURNITURE STORE","Furniture store"
"GCOM","ANIM","ANIMALERIE","Animalerie","PET SHOP","Pet shop"
"GCOM","ANTI","ANTIQUITE","Antiquité","ANTIQUE","Antique"
"GCOM","APIC","APICULTURE","Apiculture","APICULTURE","Apiculture"
"GCOM","APPM","APP. MENAGERS","Appareils ménagers","APPLIANCES","Household appliances"
"GCOM","AREN","AG. DE RENCONT.","Agence de rencontres","DATING AGENCY","Dating agency"
"GCOM","ARTI","ARTISANAT","Artisanat","ARTS & CRAFTS","Arts & Crafts"
"GCOM","ASPO","ART. DE SPORT","Articles de sport","SPORTING GOODS","Sporting Goods"
"GCOM","AU","AUTRES","Autres","OTHER","Other"
"GCOM","AUBE","AUBERGE","Auberge","INN","Inn"
"GCOM","AUTO","CONCESSIONNAIRE","Concessionnaire","DEALER","Dealer"
"GCOM","AVOY","AG. DE VOYAGES","Agence de voyages","TRAVEL AGENCY","Travel agency"
"GCOM","BAR","BAR","Bar","BAR","Bar"
"GCOM","BIJO","BIJOUTERIE","Bijouterie","JEWELLERY STORE","Jewellery store"
"GCOM","BILL","BILLARD","Salle de billard","POOL ROOM","Pool room"
"GCOM","BOUC","BOUCHERIE","Boucherie","BUTCHER SHOP","Butcher shop"
"GCOM","BOUL","BOULANGERIE","Boulangerie","BAKERY","Bakery"
"GCOM","BOUT","BOUTIQUE","Boutique","BOUTIQUE","Boutique"
"GCOM","BRON","SALON BRONZAGE","Salon de bronzage","TANNING SALON","Tanning salon"
"GCOM","BUAN","BUANDERIE","Buanderie","LAUNDROMAT","Laundromat"
"GCOM","CADE","CADEAUX","Boutique de cadeaux","GIFT SHOP","Gift shop"
"GCOM","CARR","CARROSSERIE","Atelier de carrosserie","BODY SHOP","Body shop"
"GCOM","CASS","CASSE-CROUTE","Casse-croûte","SNACK BAR","Snack bar"
"GCOM","CCOM","C. COMMERCIAL","Centre commercial","SHOPPING CENTRE","Shopping centre"
"GCOM","CHAR","CHARCUT/FROMAG.","Charcuterie / Fromagerie","DELI/CHEESE","Deli/Cheese shop"
"GCOM","CINE","CINEMA/THEATRE","Cinéma / Théâtre","CINEMA/THEATRE","Cinema / Theatre"
"GCOM","COIF","SALON COIFFURE","Salon de coiffure","HAIRDRESSER","Hairdresser"
"GCOM","COMP","COMPTABILITE","Comptabilité","ACCOUNTING","Accounting"
"GCOM","CONF","CONFISERIE","Confiserie / Chocolaterie","CANDY SHOP","Candy/chocolate Shop"
"GCOM","CORD","CORDONNERIE","Cordonnerie","SHOE REPAIR","Shoe repair shop"
"GCOM","CPHY","COND. PHYSIQUE","Centre de cond. physique","FITNESS CENTRE","Fitness centre"
"GCOM","CREM","CREMERIE","Crémerie","ICE CREAM","Ice cream shop"
"GCOM","CSAN","CENTRE DE SANTE","Centre de santé","HEALTH CENTRE","Health centre"
"GCOM","DECO","DECORATION","Décoration","DECORATION","Decoration"
"GCOM","DEME","DEMENAGEMENT","Compagnie de déménagement","MOVING COMPANY","Moving company"
"GCOM","DEPA","DEPANNEUR","Dépanneur","CONVENIENCE ST.","Convenience store"
"GCOM","ECOL","ECOLE","École","SCHOOL","School"
"GCOM","ECON","ECOLE DE COND","École de conduite","DRIVING SCHOOL","Driving school"
"GCOM","EGLI","EGLISE","Église","CHURCH","Church"
"GCOM","ELEC","ELECTRICITE","Fournitures électriques","ELECTRIC SUPP.","Electric supplies"
"GCOM","ELEO","ELECTRONIQUES","Appareils électroniques","ELECTRONIC","Electronic products"
"GCOM","ENTR","ENTREPOSAGE","Entreposage","STORAGE","Storage"
"GCOM","EQUE","EQUESTRE","Centre équestre","RIDING CENTRE","Riding centre"
"GCOM","ERAB","ERABLIERE","Érablière","MAPLE GROVE","Maple grove"
"GCOM","FLEU","FLEURISTE","Boutique de fleuriste","FLORIST","Florist"
"GCOM","GARA","GARAGE","Garage","GARAGE","Garage"
"GCOM","GARD","GARDERIE","Garderie","DAY CARE CENTRE","Day care centre"
"GCOM","GITE","GITE PASSANT","Gîte du passant","B AND B","Bed and breakfast"
"GCOM","GOLF","TERRAIN DE GOLF","Terrain de golf","GOLF COURSE","Golf course"
"GCOM","HOMO","HOTEL","Hôtel","HOTEL","Hotel"
"GCOM","JOUR","JOURNAUX","Kiosque à journaux","NEWSSTAND","Newsstand"
"GCOM","LAUT","LAVE-AUTO","Lave-auto","CAR WASH","Car wash"
"GCOM","LIBR","LIBRAIRIE","Librairie","BOOKSTORE","Bookstore"
"GCOM","LING","LING. FEMININE","Lingerie féminine","LINGERIE","Lingerie"
"GCOM","MAGA","MAGASIN/RAYON","Magasins à rayons","DEPARTMENT STO.","Department store"
"GCOM","MASS","MASSOTHERAPIE","Massothérapie","MASSOTHERAPY","Massotherapy"
"GCOM","MCON","CONSTRUCTION","Matériaux de construction","BUILDING MAT.","Building materials"
"GCOM","MOTE","MOTEL","Motel","MOTEL","Motel"
"GCOM","NETT","NETTOYAGE A SEC","Nettoyage à sec","DRY CLEANING","Dry-cleaning"
"GCOM","PATI","PATISSERIE","Pâtisserie","PASTRY SHOP","Pastry shop"
"GCOM","PAUT","PIECES D'AUTO","Pièces d'auto","AUTO PARTS","Auto parts"
"GCOM","PEPI","PEPINIERE","Pépinière","NURSERY (TREE)","Nursery (tree)"
"GCOM","PHAR","PHARMACIE","Pharmacie","PHARMACY","Pharmacy"
"GCOM","PLOM","PLOMBERIE","Plomberie","PLUMBING","Plumbing"
"GCOM","POUR","POURVOIRIE","Pourvoirie","OUTFITTER","Outfitter"
"GCOM","QUIL","SALON QUILLES","Salon de quilles","BOWLING ALLEY","Bowling alley"
"GCOM","QUIN","QUINCAILLERIE","Quincaillerie","HARDWARE STORE","Hardware store"
"GCOM","RECY","RECYCLAGE","Recyclage","RECYCLING","Recycling"
"GCOM","REST","RESTAURANT","Restaurant","RESTAURANT","Restaurant"
"ABRI","ATTA","ATTACHÉ","Attaché","ATTACHED","Attached"
"GCOM","RMEU","REPARA. MEUBLES","Réparation de meubles","FURNITURE REPA.","Furniture repair"
"GCOM","RRAP","REST. RAPIDE","Restauration rapide","FAST FOOD","Fast food"
"GCOM","SBEA","SALON DE BEAUTE","Salon de beauté","BEAUTY SALON","Beauty salon"
"GCOM","SDOM","SOINS DOMICILE","Soins à domicile","HOME CARE","Home care"
"GCOM","SENC","SERVICES ENCAN","Services d'encan","AUCTION SERV.","Auction services"
"GCOM","SERR","SERRES","Serres","GREENHOUSE","Greenhouse"
"GCOM","SERU","SERRURIER","Serrurier","LOCKSMITH","Locksmith"
"GCOM","SPHO","STUDIO PHOTOS","Studio de photos","PHOTO STUDIO","Photo studio"
"GCOM","SREC","SALLE RECEPTION","Salle de réception","RECEPTION HALL","Reception hall"
"GCOM","SSER","STATION-SERVICE","Station-service","SERVICE STATION","Service station"
"GCOM","TABA","TABAGIE","Tabagie","TOBACCO STORE","Tobacco store"
"GCOM","TAVE","TAVERNE","Taverne","TAVERN","Tavern"
"GCOM","TOIL","TOILETTAGE","Toilettage","PET GROOMING","Pet grooming"
"GCOM","TRAI","TRAITEUR","Traiteur","CATERER","Caterer"
"GCOM","TRAN","TRANSPORT","Transport routier","ROAD TRANSPORT","Road transport"
"GCOM","VARI","VARIETES","Variétés","VARIETY STORE","Variety store"
"GCOM","VERG","VERGER","Verger","ORCHARD","Orchard"
"LOC","AEAU","ADOUC. EAU","Adoucisseur d'eau","WATER SOFTENER","Water softener"
"LOC","APCH","APP. CHAUFFAGE","Appareils de chauffage","HEATING APPL.","Heating appliances"
"LOC","AU","AUTRE","Autre","OTHER","Other"
"LOC","CEAU","CHAUFFE-EAU","Chauffe-eau","WATER HEATER","Water heater"
"LOC","SYAL","SYST. ALARME","Système d'alarme","ALARM SYST.","Alarm system"
"LOC","THER","THERMOPOMPE","Thermopompe","THERMOPUMP","Thermo-pump"
"MACH","ABRV","SYST. ABRV.","Système d'abrevoir","WATERINGSYS","Watering system"
"MACH","AU","AUTRE","AUTRE","OTHER","Other"
"MACH","CHAR","CHARRUE","Charrue","PLOW","Plow"
"MACH","CONV","CONV.","Convoyeur","CONVEYOR","Conveyor"
"MACH","ECUR","ECUR. AUT.","Écureur automatique","ECUR. AUT.","Écureur automatique"
"MACH","EPAN","EPAND.","Épandeur","SPREADER","Spreader"
"MACH","EPNF","EPAND. FUMIER","Épandeur à fumier","DUNGSPREAD","Dung spreader"
"MACH","FAN","FANEUSE","Faneuse","TEDDER","Tedder"
"MACH","FAUC","FAUCH.","Faucheuse","MOWER","Mower"
"MACH","FEND","FENDEUSE","Fendeuse","WOODCHOP","Wood chopper"
"MACH","FOSS","FOSSE","Fosse","PIT","Pit"
"MACH","GEN","GENER.","Génératrice","GENERATOR","Generator"
"MACH","HERS","HERSE","Herse","HARROW","Harrow"
"MACH","MARL","MAT. ROUL.","Matériel roulant","ROLLINGEQUIP","Rolling equipment"
"MACH","MELN","MELANG.","Mélangeur","MIXER","Mixer"
"MACH","MNTB","MONTE-BALLE","Monte-balle","MONTE-BALLE","Monte-balle"
"MACH","NEIG","EQUIP. NEIG.","Équipement à neige","SNOWEQUIP","Snow equipment"
"MACH","PULV","PULVER.","Pulvérisateur","VAPORISER","Vaporiser"
"MACH","RATO","RATEAU","Rateau","RAKE","Rake"
"MACH","RESL","RESERVOIR LAIT","Réservoir à lait","MILKCONTAINER","Milk Container"
"MACH","RESV","RESERVOIR","Réservoir","CONTAINER","Container"
"MACH","ROUL","ROULEAU","Rouleau","ROLL","Roll"
"MACH","SECH","SECHOIR","Séchoir","DRYER","Dryer"
"MACH","SEMO","SEMOIR","Semoir","SEEDER","Seeder/"
"MACH","SILO","SILO","Silo","SILO","Silo"
"MACH","STRT","SYST. TRAITE","Système de traite","MILKERSYS","Milker system"
"MACH","TRAC","TRACTEUR","Tracteur","TRACTOR","Tractor"
"MACH","TRAY","TRAYEUSE","Trayeuse","MILKER","Milker"
"MACH","VENT","VENTILATEUR","Ventilateur","FAN","Fan"
"MACH","VISG","VIS A GRAIN","Vis à grain","VIS A GRAIN","Vis a grain"
"MACH","WAGN","WAGON","Wagon","WAGON","Wagon"
"PARE","ACIE","ACIER","Acier","STEEL","Steel"
"PARE","AGRE","GRANULAT","Granulat (agrégat)","AGGREGATE","Aggregate"
"PARE","ALUM","ALUMINIUM","Aluminium","ALUMINUM","Aluminum"
"PARE","AMIA","AMIANTE","Amiante","ASBESTOS","Asbestos"
"PARE","ASPH","BARD. ASPHALTE","Bardeaux d'asphalte","ASPH. SHINGLES","Asphalt shingles"
"PARE","AU","AUTRE","Autre","OTHER","Other"
"PARE","BCED","BARD. CÈDRE","Bardeaux de cèdre","CEDAR SHINGLES","Cedar shingles"
"PARE","BETO","BÉTON","Béton","CONCRETE","Concrete"
"PARE","BOIS","BOIS","Bois","WOOD","Wood"
"PARE","BRIQ","BRIQUE","Brique","BRICK","Brick"
"PARE","CCED","CLIN CÈDRE","Clin de cèdre","CEDAR COV. JOIN","Cedar covering joint"
"PARE","FIBP","FIBRE PRESSÉE","Fibre pressée","PRESSED FIBRE","Pressed fibre"
"PARE","MASN","MASONITE","Masonite","MASONITE","Masonite"
"PARE","PBET","PIERRE BETON","Pierre de béton","CONCRETE STONE","Concrete stone"
"PARE","PBRI","PAPIER BRIQUE","Papier imitation brique","BRICK PAPER","Sheating brick paper"
"PARE","PIER","PIERRE","Pierre","STONE","Stone"
"PARE","SBRQ","SIMILI BRIQUE","Simili-Brique","BRICKIMMITATION","Brick immitation"
"PART","MMAT","MM AVEC TERRAIN","Maison mobile avec terrain","MH WITH LAND","Mobile home with land"
"PART","MMST","MM SANS TERRAIN","Maison mobile sans terrain","MH WITHOUT LAND","Mobile home without land"
"PART","MOTN","EMB.SANS MOTEUR","Embarquation sans moteur seulement","BOAT WTT MOTOR","Boat without motor only"
"PART","MOTP","EMB.MOTEUR PERM","Embarquation moteur permise","MOTOR BOAT ALLW","Motor boat allowed"
"PART","NACA","NON ACC.ANNÉE","Non accessible à l'année","UNAC.YEAR-ROUND","Unaccessible year-round"
"PART","NDRN","TER. NON DRAINÉ","Terrain non drainé","LANDNOTDRAINED","Land not drained"
"PART","PASS","DROIT PASSAGE","Droit de passage","RIGHT OF PASS.","Right of passage"
"PART","PRIV","RUE PRIVÉ","Rue privée","PRIVATE STREET","Private street"
"PART","SAIS","SAISONNIER","Saisonnier","SEASONAL","Seasonal"
"PISC","AU","AUTRE","Autre","OTHER","Other"
"PISC","CHAU","CHAUFFÉE","Chauffée","HEATED","Heated"
"PISC","CREU","CREUSÉE","Creusée","INGROUND","Inground"
"PISC","HT","HORS-TERRE","Hors-terre","ABOVE-GROUND","Above-ground"
"PISC","INT","INTÉRIEURE","Intérieure","INDOOR","Indoor"
"PROX","AERO","AEROPORT","Aéroport","AIRPORT","Airport"
"PROX","AGR","ACT. AGRICOLES","Activités agricoles","AGRICULT. ACT.","Agricultural activities"
"PROX","AU","AUTRE","Autre","OTHER","Other"
"PROX","AUTO","AUTOROUTE","Autoroute/Voie rapide","HIGHWAY","Highway"
"PROX","BOIS","BOISE","Boisé","WOODED","Wooded"
"PROX","CCOM","CENTRE COM","Centre commercial","SHOPP. CENTER","Shopping center"
"PROX","CEGP","CEGEP","Cegep","CEGEP","Cegep"
"PROX","COMM","ACT. COMMER.","Activités commerciales","COMMERCIAL ACT.","Commercial activities"
"PROX","EGL","EGLISE","Église","CHURCH","Church"
"PROX","GOLF","GOLF","Golf","GOLF","Golf"
"PROX","HOP","HÔPITAL","Hôpital","HOSPITAL","Hospital"
"PROX","IND","ACT. INDUST.","Activités industrielles","INDUSTRIAL ACT.","Industrial activities"
"PROX","METR","METRO","Métro","METRO","Metro"
"PROX","PARC","PARC-ESP. VERT","Parc-espace vert","PARK-GREEN AREA","Park - green area"
"PROX","PCYC","PISTE CYCLABLE","Piste cyclable","BICYCLE PATH","Bicycle path"
"PROX","PRIM","ÉCOLE PRIMAIRE","École primaire","ELEM. SCHOOL","Elementary school"
"PROX","REC","ACT. RÉCRÉATIV.","Activités récréatives","RECREATIO. ACT.","Recreational activities"
"PROX","SALP","SKI ALPIN","Ski alpin","ALPINE SKIING","Alpine skiing"
"PROX","SEC","ÉCOLE SECOND.","École secondaire","HIGH SCHOOL","High school"
"PROX","SFON","SKI FOND","Ski de fond","C-COUNTRY SKI","Cross-country skiing"
"PROX","TRAI","TRAIN","Train de banlieue","TRAIN","Commuter train"
"PROX","TRSP","TRANSP. COMMUN","Transport en commun","PUBLIC TRANSP.","Public transport"
"PROX","UNIV","UNIVERSITÉ","Université","UNIVERSITY","University"
"PROX","VFER","VOIE FERRÉE","Voie ferrée","RAILROAD TRACK","Railroad track"
"SDB","2EV","2 EVIERS","Deux éviers","2 SINKS","Two sinks"
"SDB","ATTN","ATTENANTE","Attenante à la chambre principale","ADJOINING MBR","Adjoining to the master bedroom"
"SDB","AU","AUTRE","Autre","OTHER","Other"
"SDB","BPOD","BAIN PODIUM","Bain podium","PODIUM BATH","Podium bath"
"SDB","BREM","BAIG. REMOUS","Baignoire à remous","WHIRLPOOL","Whirlpool bath-tub"
"SDB","DIND","DOUCHE INDÉPEN.","Douche indépendante","SEP. SHOWER","Separate shower"
"SDB","TMAS","BAIG. THER-MAS.","Baignoire thermo-masseur","JACUZZI","Jacuzzi bath-tub"
"SDIS","ASP","ASP. CENT.","Aspirateur central","CENTRVACUUM","Central vacuum cleaner"
"SDIS","ASSR","ASSURANCE","Assurance","INSURANCE","Insurance"
"SDIS","AU","AUTRE","Autre","OTHER","Other"
"SDIS","BILL","SALLE BILLARD","Salle de billard","POOL ROOM","Pool room"
"SDIS","BREM","BAIG. REMOUS","Baignoire à remous","WHIRLPOOL","Whirlpool bath-tub"
"SDIS","BRIC","AT. BRICOLAGE","Atelier de bricolage","WORKSHOP","Workshop"
"SDIS","BUAN","BUANDERIE","Buanderie","LAUNDRY ROOM","Laundry room"
"SDIS","CABL","TÉLÉCÂBLE","Télécâble","CABLE TV","Cable TV"
"SDIS","CHAU","CHAUFFAGE","Chauffage","HEATING","Heating"
"SDIS","CLIM","CLIMATISATION","Climatisation","AIR CONDITION.","Air conditioning"
"SDIS","CONC","CONCIERGE","Concierge","CARETAKER","Caretaker"
"SDIS","CONF","CONFERENCE","Salle de conférence","CONFERENCE","Conference room"
"SDIS","DEIN","DÉTECTEURS","Détecteur d'incendie","FIRE DETECTOR","Fire detector"
"SDIS","DENG","DÉNEIGEMENT","Déneigement","SNOW REMOVAL","Snow removal"
"SDIS","DEPN","DÉPANNEUR","Dépanneur","CONV. STORE","Convenience store"
"SDIS","ELEC","ÉLECTRICITÉ","Électricité","ELECTRICITY","Electricity"
"SDIS","EXER","SALLE EXERC.","Salle d'exercice","EXERCISE ROOM","Exercise room"
"SDIS","GEST","GESTION","Gestion","MANAGEMENT","Management"
"SDIS","INTP","INTERPHONE","Interphone","INTERCOM","Intercom"
"SDIS","PELS","TONTE PELOUSE","Tonte de la pelouse","LAWN-MOWING","Lawn-mowing"
"SDIS","PISC","PISCINE","Piscine","POOL","Pool"
"SDIS","PISE","PISC. EXT.","Piscine extérieure","OUTDOOR POOL","Outdoor pool"
"SDIS","PISI","PISCINE INT.","Piscine intérieure","INDOOR POOL","Indoor pool"
"SDIS","RECP","SALLE RÉCEPTION","Salle de réception","RECEPTION AREA","Reception area"
"SDIS","SAUN","SAUNA","Sauna","SAUNA","Sauna"
"SDIS","SCOM","COMMUNAUTAIRE","Salle communautaire","COMMUNAUTY","Community center"
"SDIS","SECR","SÉCURITÉ","Sécurité (surveillance)","SECURITY","Security (surveillance)"
"SDIS","SINT","STATION. INT.","Stationnement intérieur","INDOOR PARKING","Indoor parking"
"SDIS","STEX","STATION. EXT.","Stationnement extérieur","OUTDOOR PARKING","Outdoor parking"
"SDIS","SYAL","SYST. ALARME","Système d'alarme","ALARM SYST.","Alarm system"
"SDIS","SYGC","GICLEURS","Système de gicleurs","JET SYSTEM","Jet system"
"SDIS","TENN","COURT TENNIS","Court de tennis","TENNIS COURT","Tennis court"
"SDIS","TJEU","TERRAIN JEUX","Terrain de jeux","PLAYGROUND","Playground"
"SDIS","VIDO","VIDE-ORDURES","Vide-ordures","GARBAGE DUMP","Garbage dump"
"SS","6","6 PIEDS ET +","6 pieds et plus","6 FEET & OVER","6 feet and over"
"SS","AMNN","NON AMÉNAGÉ","Non aménagé","UNFINISHED","Unfinished"
"SS","AMNP","PART. AMÉNAGÉ","Partiellement aménagé","PART. FINISH","Partially finished"
"SS","AMNT","TOT. AMÉNAGÉ","Totalement aménagé","FINISH.BASEMENT","Finished basement"
"SS","AU","AUTRE","Autre","OTHER","Other"
"SS","AUCN","AUCUN","Aucun sous-sol","NO BASEMENT","No basement"
"SS","BAS","BAS(- 6 PIEDS)","Bas (moins de 6 pieds)","LOW (- 6 FEET)","Low (less than 6 feet)"
"SS","CAVE","CAVE","Cave","CELLAR","Cellar"
"SS","COMP","COMPLET","Sous-sol complet","COMPL. BASEMENT","Complete basement"
"SS","ENTR","ENTRÉE INDÉPEN.","Entrée indépendante","SEP. ENTRANCE","Separate entrance"
"SS","HAUT","HAUTEUR","Hauteur libre","HEIGHT","Unrestricted height"
"SS","LOGM","LOGEMENT","Logement","APARTMENT","Apartment"
"SS","PART","PARTIEL","Sous-sol partiel","PART. BASEMENT","Partial basement"
"SS","RANG","RANGEMENT","Rangement","STORAGE","Storage"
"SS","VSAN","VIDE SANITAIRE","Vide sanitaire","CRAWL SPACE","Crawl Space"
"STAT","ABRI","ABRI AUTO","Abri d'auto","CARPORT","Carport"
"STAT","AU","AUTRE","Autre","OTHER","other"
"STAT","AUCN","AUCUN","Aucun","NONE","None"
"STAT","EXT","EXTÉRIEUR","Extérieur","OUTDOOR","Outdoor"
"STAT","GARA","GARAGE","Au garage","GARAGE","Garage"
"STAT","INT","INT.","Intérieur","INTERIOR","Interior"
"STAT","PEXT","PRISE EXT.","Prise extérieure","EXTELECTOUTLET","Exterior electric outlet"
"STAT","SPXT","SANS PRISE EXT","Sans prise extérieure","NO ELEC. PLUG","No electric plug"
"STAT","TOT","TOTAL","Total","TOTAL","Total"
"STAT","VIGN","VIGNETTE","Vignette","VIGNETTE","Vignette"
"SYEG","AU","AUTRE","Autre","OTHER","Other"
"SYEG","AUCN","AUCUN","Aucun","NONE","None"
"SYEG","BIOF","BIOFILTRE","Biofiltre","BIOLOGICAL FIL.","Biological filter"
"SYEG","BION","BIONEST","Système BIONEST","BIONEST","BIONEST system"
"SYEG","CHAM","CHAMP ÉPURATION","Champ d'épuration","PURIF. FIELD","Purification field"
"SYEG","EGMU","MUNICIPAL","Municipal","MUNICIPAL SEWER","Municipal sewer"
"SYEG","FSCE","FOSSE S CHAMP","Fosse septique sans champ d'épuration","SEPT.TANK WTT F","Septic tank without purification field"
"SYEG","FSE","FOSSE SEPTIQUE","Fosse septique","SEPT. TANK","Septic tank"
"SYEG","FSES","F.SEPT. SCELLÉE","Fosse septique scellée","SEALED SEPT. TK","Sealed septic tank"
"SYEG","INCO","INCONNU","Inconnu","UNKNOWN","Unknown"
"SYEG","PRIV","PRIVÉ","Privé","PRIVATE SEWER","Private sewer"
"SYEG","PUSP","PUITS SEC","Puits sec (puisard)","DRY WELL","Dry well"
"TCOM","AU","AUTRE","Autre","OTHER","Other"
"TCOM","BURE","BUREAU","Bureau","OFFICE","Office"
"TCOM","DETA","DETAIL","Detail","RETAIL","Retail"
"TCOM","ENTR","ENTREPOSAGE","Entreposage","WAREHOUSE","Warehouse"
"TCOM","FABR","FABRICATION","Fabrication","MANUFACTURING","Manufacturing"
"TCOM","GROS","GROSSISTE","Grossiste","WHOLESALER","Wholesaler"
"TCOM","ILEG","INDUS. LEGER","Industriel léger","LIGHT INDUS.","Light Industrial"
"TCOM","ILOU","INDUS. LOURD","Industriel lourd","HEAVY INDUS.","Heavy Industrial"
"TCOM","RESI","RESIDENTIEL","Résidentiel","RESIDENTIAL","Residential"
"TCOM","SERV","SERVICE","Service","SERVICE","Service"
"TCOM","VENT","VENTE","Vente","SALE","Sale"
"TFEN","AU","AUTRE","Autre","OTHER","Other"
"TFEN","COUL","COULISSANTE","Coulissante","SLIDING","Sliding"
"TFEN","GUIL","GUILLOTINE","Guillotine","HUNG","Hung"
"TFEN","MAN","MANIVELLE","Manivelle","CRANK HANDLE","Crank handle"
"TFEN","OSBA","OSCILLO-BATANT","Oscillo-battant","TILT AND TURN","Tilt and turn"
"TFEN","PFEN","P-FENÊTRE","Porte-fenêtre","FRENCH WINDOW","French window"
"TFEN","PFRA","P. FRANÇAISE","Porte française","FRENCH DOOR","French door"
"TOIT","AU","AUTRE","Autre","OTHER","Other"
"TOIT","BAA","BARD. ASPHALTE","Bardeaux d'asphalte","ASPH. SHINGLES","Asphalt shingles"
"TOIT","BCED","BARD. CÈDRE","Bardeaux de cèdre","CEDAR SHINGLES","Cedar shingles"
"TOIT","BIGR","BITUM. GRAVIER","Bitume et gravier","ASPHALT GRAVEL","Asphalt and gravel"
"TOIT","MBEL","ELASTOMERE","Membrane élastomère","ELASTOMER","Elastomer membrane"
"TOIT","TOL","TÔLE","Tôle","TIN","Tin"
"TOPO","ACCI","ACCIDENTÉ","Accidenté","UNEVEN","Uneven"
"TOPO","AU","AUTRE","Autre","OTHER","Other"
"TOPO","ESCR","ESCARPÉ","Escarpé","STEEP","Steep"
"TOPO","MONT","EN MONTAGNE","En montagne","UP HILLS","Up hills"
"TOPO","PENT","EN PENTE","En pente","SLOPED","Sloped"
"TOPO","PLAT","PLAT","Plat","FLAT","Flat"
"TOPO","RAVI","RAVIN","Ravin","RAVINE","Ravine"
"TOPO","VAL","VALLONNÉE","Vallonnée","UNDALATING","Undulating"
"VUE","AU","AUTRE","Autre","OTHER","Other"
"VUE","EAU","EAU","Sur l'eau","WATER","Water"
"VUE","FLV","FLEUVE","Sur le fleuve","RIVER","River"
"VUE","LAC","LAC","Sur le lac","LAKE","Lake"
"VUE","MONT","MONTAGNE","Sur la montagne","MONTAIN","Mountain"
"VUE","PANO","PANORAMIQUE","Panoramique","PANORAMIC","Panoramic"
"VUE","RIV","RIVIÈRE","Sur la rivière","RIVER","River"
"VUE","VILL","VILLE","Sur la ville","CITY","City"
"ZONG","AGR","AGRICOLE","Agricole","AGRICULTURAL","Agricultural"
"ZONG","AU","AUTRE","Autre","OTHER","Other"
"ZONG","COMM","COMMERCIAL","Commercial","COMMERCIAL","Commercial"
"ZONG","IND","INDUSTRIEL","Industriel","INDUSTRIAL","Industrial"
"ZONG","RES","RÉSIDENTIEL","Résidentiel","RESIDENTIAL","Residential"
"ZONG","VILG","VILLÉGIATURE","Villégiature","VACATION AREA","Vacationing area"
"GCOM","AIMM","AG. IMMO.","Agence immobilière","REAL ESTATE","Real estate agency"
"GCOM","ATEL","ATELIER","Atelier","WORKSHOP","Workshop"
"GCOM","BURE","BUREAU","Bureau","OFFICE","Office"
"GCOM","CLIN","CLINIQUE","Clinique","CLINIC","Clinic"
"GCOM","DIST","DISTRIB.","Distributeur","DISTRIBUTOR","Distributor"
"GCOM","FABR","FABRICAT","Fabrication","MANU","Manufacturing"
"GCOM","IMPR","IMPRIM","Imprimerie","PRINT","Printing"
"GCOM","CULT","CULTE","Lieu de culte","WORSHIP","Place of worship"
"GCOM","MARI","MARINA","Port de plaisance (marina)","MARINA","Marina"
"GCOM","USIN","USINE","Usine","FACTORY","Factory"
"GCOM","VIGN","VIGNOBLE","Vignoble","WINERY","Winery"
"ZONG","FORE","FORESTIER","Forestier","FOREST","Forest"
"ZONG","RECR","RECREO","Récréotouristique","RECREATIONAL","Recreational and tourism"
"ZONG","MULT","MULTIFAMILIAL","Multifamilial","MULTIFAMILY","Multifamily"
"GCOM","MRET","RESIDENCE","Résidence pour aînés","SENIORS","Seniors' residence"
"GCOM","BRAS","BRASSERIE","Brasserie","BRASSERIE","Brasserie"
"GCOM","CABE","CAFE / BEIGNES","Café / Beignes","COFFEE DON.","Coffee/Donuts"
"GCOM","CAMP","CAMPING","Camping","CAMPGROUND","Campground"
"GCOM","COIH","COIF. HOMMES","Salon de coiffure - Hommes","HAIR MEN","Hair dresser - Men's"
"GCOM","CVID","CLUB VIDEO","Club vidéo","VIDEO STORE","Video store"
"GCOM","EBEN","EBENISTERIE","Ébénisterie","CABINETMAKING","Cabinet making"
"GCOM","EMBA","EMBALLAGE","Emballage","PACKAGING","Packaging"
"GCOM","EPIC","EPICERIE","Épicerie","GROCERY","Grocery store"
"GCOM","FART","FOURN.ARTISANAT","Fournitures artisanales","ARTS SUPPLIES","Arts and crafts supplies"
"GCOM","FRUI","FRUITS ET LEG","Fruits et légumes","FRUITS AND VEG","Fruits and vegetables"
"GCOM","INFO","INFORMATIQUES","Équipements informatiques","COMPUTER EQUIP","Computing equipment"
"GCOM","MALI","MARCHE ALIMENT.","Marché d'alimentation","SUPERMARKET","Supermarket"
"GCOM","MERC","MERCERIE","Mercerie","MEN'S CLOTHING","Men's clothing store"
"GCOM","PAPE","PAPETERIE","Papeterie","STATIONERY","Stationery store"
"GCOM","PEIN","PEINTURE","Peinture / Papier peint","PAINT & WALL.","Painting / wallpaper"
"GCOM","RDIS","RT DISTRIBUTION","Route de distribution","DISTRIBUTION RT","Distribution route"
"GCOM","STAT","ESPACE STATION.","Espaces de stationnement","PARKING LOT","Parking lot"
"PART","VILG","VILG. CHALET","Villégiature/Chalet","RESORT COTTAGE","Resort/Cottage"
